{"cameraMode":{"drawMode":0,"name":"Shaded","section":"Shading Mode"},"sceneLighting":false,"audioPlay":false,"sceneViewState":{"m_AlwaysRefresh":false,"showFog":true,"showSkybox":false,"showFlares":true,"showImageEffects":true,"showParticleSystems":true,"showVisualEffectGraphs":true,"m_FxEnabled":true},"in2DMode":false,"pivot":{"x":0.18145394325256349,"y":0.1392573118209839,"z":-0.11194673180580139},"rotation":{"x":-0.07872239500284195,"y":-0.5329701900482178,"z":0.049827612936496738,"w":-0.8409033417701721},"size":1.5180034637451172,"orthographic":false}