{"cameraMode":{"drawMode":0,"name":"Shaded","section":"Shading Mode"},"sceneLighting":false,"audioPlay":false,"sceneViewState":{"m_AlwaysRefresh":false,"showFog":true,"showSkybox":false,"showFlares":true,"showImageEffects":true,"showParticleSystems":true,"showVisualEffectGraphs":true,"m_FxEnabled":true},"in2DMode":false,"pivot":{"x":-0.45406875014305117,"y":2.387068748474121,"z":-0.7912003993988037},"rotation":{"x":-0.0036836052313447,"y":0.9962949752807617,"z":-0.06165940687060356,"w":-0.05954883247613907},"size":2.2021901607513429,"orthographic":false}