{"cameraMode":{"drawMode":0,"name":"Shaded","section":"Shading Mode"},"sceneLighting":false,"audioPlay":false,"sceneViewState":{"m_AlwaysRefresh":false,"showFog":true,"showSkybox":false,"showFlares":true,"showImageEffects":true,"showParticleSystems":true,"showVisualEffectGraphs":true,"m_FxEnabled":true},"in2DMode":false,"pivot":{"x":0.009867429733276368,"y":-0.11236715316772461,"z":0.21067476272583009},"rotation":{"x":-0.24486909806728364,"y":0.25714415311813357,"z":-0.06721968203783035,"w":-0.9321166276931763},"size":5.9442362785339359,"orthographic":false}