{"cameraMode":{"drawMode":0,"name":"Shaded","section":"Shading Mode"},"sceneLighting":false,"audioPlay":false,"sceneViewState":{"m_AlwaysRefresh":false,"showFog":true,"showSkybox":false,"showFlares":true,"showImageEffects":true,"showParticleSystems":true,"showVisualEffectGraphs":true,"m_FxEnabled":true},"in2DMode":false,"pivot":{"x":1.3036251068115235,"y":7.253570079803467,"z":-20.07235336303711},"rotation":{"x":-0.16913042962551118,"y":0.12295573949813843,"z":-0.020986108109354974,"w":-0.977382242679596},"size":0.0017173201777040959,"orthographic":false}