{"cameraMode":{"drawMode":0,"name":"Shaded","section":"Shading Mode"},"sceneLighting":false,"audioPlay":false,"sceneViewState":{"m_AlwaysRefresh":false,"showFog":true,"showSkybox":false,"showFlares":true,"showImageEffects":true,"showParticleSystems":true,"showVisualEffectGraphs":true,"m_FxEnabled":true},"in2DMode":false,"pivot":{"x":0.0007386207580566406,"y":1.8617671728134156,"z":0.14592456817626954},"rotation":{"x":-0.11612553894519806,"y":0.8291388750076294,"z":-0.18742336332798005,"w":-0.5137258172035217},"size":4.6663923263549809,"orthographic":false}