{"cameraMode":{"drawMode":0,"name":"Shaded","section":"Shading Mode"},"sceneLighting":false,"audioPlay":false,"sceneViewState":{"m_AlwaysRefresh":false,"showFog":true,"showSkybox":false,"showFlares":true,"showImageEffects":true,"showParticleSystems":true,"showVisualEffectGraphs":true,"m_FxEnabled":true},"in2DMode":false,"pivot":{"x":0.11636888980865479,"y":0.769845724105835,"z":0.12698984146118165},"rotation":{"x":-0.07595647126436234,"y":-0.4896754324436188,"z":0.04281311109662056,"w":-0.8674513101577759},"size":2.082329511642456,"orthographic":false}