{"cameraMode":{"drawMode":0,"name":"Shaded","section":"Shading Mode"},"sceneLighting":false,"audioPlay":false,"sceneViewState":{"m_AlwaysRefresh":false,"showFog":true,"showSkybox":false,"showFlares":true,"showImageEffects":true,"showParticleSystems":true,"showVisualEffectGraphs":true,"m_FxEnabled":true},"in2DMode":false,"pivot":{"x":-34.96400833129883,"y":-18.788728713989259,"z":91.02379608154297},"rotation":{"x":0.015416998416185379,"y":0.9348170757293701,"z":-0.35219869017601015,"w":0.04098018631339073},"size":0.5010624527931213,"orthographic":false}