{"cameraMode":{"drawMode":0,"name":"Shaded","section":"Shading Mode"},"sceneLighting":false,"audioPlay":false,"sceneViewState":{"m_AlwaysRefresh":false,"showFog":true,"showSkybox":false,"showFlares":true,"showImageEffects":true,"showParticleSystems":true,"showVisualEffectGraphs":true,"m_FxEnabled":true},"in2DMode":false,"pivot":{"x":2.8524818420410158,"y":2.9371395111083986,"z":2.0821173191070558},"rotation":{"x":-0.30477023124694826,"y":0.36202606558799746,"z":-0.12656046450138093,"w":-0.8717926740646362},"size":4.9661149978637699,"orthographic":false}